-- Select everything and run the script
DROP TABLE IF EXISTS artist_details, song_lyrics, playlists_songs, songs_genres, song, playlist, genre, artist, album;

-- Artist table
CREATE TABLE artist (
    id SERIAL PRIMARY KEY,
    name VARCHAR(100) NOT NULL
);

-- Artist Details table (One-to-One relationship with artist)
CREATE TABLE artist_details (
    id SERIAL PRIMARY KEY,
    date_of_birth DATE NOT NULL,
    full_name VARCHAR(100),
    country VARCHAR(100),
    city VARCHAR(100),
    is_married BOOLEAN DEFAULT false NOT NULL,
    spouse_name VARCHAR(100),
    artist_id INT UNIQUE REFERENCES artist(id)
);

-- Song table
CREATE TABLE song (
    id SERIAL PRIMARY KEY,
    name VARCHAR(100) NOT NULL,
    duration INTERVAL NOT NULL,
    explicit BOOLEAN DEFAULT false NOT NULL,
    artist_id INT REFERENCES artist(id)
);

-- Song Lyrics table (One-to-One relationship with songs)
CREATE TABLE song_lyrics (
    id SERIAL PRIMARY KEY,
    lyrics TEXT NOT NULL,
    song_id INT UNIQUE REFERENCES song(id)
);

-- Playlist table
CREATE TABLE playlist (
    id SERIAL PRIMARY KEY,
    title VARCHAR(100)
);

-- Playlist_Songs table (Many-to-Many relationship between playlists and songs)
CREATE TABLE playlists_songs (
    playlist_id INT REFERENCES playlist(id),
    song_id INT REFERENCES song(id),
    PRIMARY KEY (playlist_id, song_id)
);

-- Genre table
CREATE TABLE genre (
    id SERIAL PRIMARY KEY,
    name VARCHAR(100) UNIQUE NOT NULL
);

-- Songs_Genres table (Many-to-Many relationship between songs and genres)
CREATE TABLE songs_genres (
    song_id INT REFERENCES song(id),
    genre_id INT REFERENCES genre(id),
    PRIMARY KEY (song_id, genre_id)
);

-- Album table
CREATE TABLE album (
    id SERIAL PRIMARY KEY,
    name VARCHAR(100) NOT NULL,
    rating DECIMAL CHECK(rating >= 0 AND rating <= 5),
    artist_id INT REFERENCES artist(id)
);

INSERT INTO artist (id, name) VALUES 
(1, 'Eminem'),
(2, 'Dua Lipa'),
(3, 'Tose Proeski'),
(4, 'Rihanna'),
(5, 'Taylor Swift'),
(6, 'David Guetta'),
(7, 'Shakira'),
(8, 'Drake'),
(9, 'Severina'),
(10, 'Zdravko Colic'),
(11, 'Adele'),
(12, 'The Weeknd'),
(13, 'Goran Bregovic'),
(14, 'Ceca'),
(15, 'Jelena Karleusa'),
(16, 'Saban Saulic'),
(17, 'Beyonce'),
(18, 'Coldplay'),
(19, 'Ed Sheeran'),
(20, 'Sia'),
(21, 'Bruce Springsteen'),
(22, 'Ariana Grande'),
(23, 'Miles Davis'),
(24, 'Sezen Aksu'),
(25, 'Saban Bajramovic'),
(26, 'Iron Maiden'),
(27, 'Lepa Brena'),
(28, 'Kygo'),
(29, 'Moby'),
(30, 'Arctic Monkeys'),
(31, 'Hozier'),
(32, 'Nina Simone'),
(33, 'Halid Beslic'),
(34, 'Dino Merlin'),
(35, 'Amira Medunjanin'),
(36, 'Kendrick Lamar'),
(37, 'Billie Eilish'),
(38, 'Daft Punk'),
(39, 'Lewis Capaldi'),
(40, 'Post Malone'),
(41, 'Edyta Bartosiewicz'),
(42, 'Mela Koteluk'),
(43, 'Monika Brodka'),
(44, 'Maria Peszek'),
(45, 'Doda');

INSERT INTO artist_details (id, date_of_birth, full_name, country, city, is_married, spouse_name, artist_id) VALUES 
(1, '1972-10-17', 'Marshall Bruce Mathers III', 'USA', 'St Joseph', false, NULL, 1),
(2, '1995-08-22', 'Dua Lipa', 'England', 'London', false, NULL, 2),
(3, '1981-01-25', 'Todor Tose Proeski', 'Macedonia', 'Prilep', false, NULL, 3),
(4, '1988-02-20', 'Robyn Rihanna Fenty', 'Barbados', 'Saint Michael', true, 'ASAP Rocky', 4),
(5, '1989-12-13', 'Taylor Alison Swift', 'USA', 'Reading', false, NULL, 5),
(6, '1967-11-07', 'Pierre David Guetta', 'France', 'Paris', true, 'Jessica Ledon', 6),
(7, '1977-02-02', 'Shakira Isabel Mebarak Ripoll', 'Colombia', 'Barranquilla', true, 'Gerard Pique', 7),
(8, '1986-10-24', 'Aubrey Drake Graham', 'Canada', 'Toronto', false, NULL, 8),
(9, '1972-04-21', 'Severina Vuckovic', 'Croatia', 'Split', true, 'Igor Kojic', 9),
(10, '1951-05-30', 'Zdravko Colic', 'Bosnia and Herzegovina', 'Sarajevo', false, NULL, 10),
(11, '1988-05-05', 'Adele Laurie Blue Adkins', 'England', 'London', false, NULL, 11),
(12, '1990-02-16', 'Abel Makkonen Tesfaye', 'Canada', 'Toronto', false, NULL, 12),
(13, '1950-03-22', 'Goran Bregovic', 'Bosnia and Herzegovina', 'Sarajevo', true, 'Dzenana Sudzuka', 13),
(14, '1973-06-14', 'Svetlana Raznatovic', 'Serbia', 'Belgrade', false, NULL, 14),
(15, '1978-08-17', 'Jelena Karleusa Tosic', 'Serbia', 'Belgrade', true, 'Dusko Tosic', 15),
(16, '1951-09-06', 'Saban Saulic', 'Serbia', 'Sabac', true, 'Gordana Saulic', 16),
(17, '1981-09-04', 'Beyonce Giselle Knowles-Carter', 'USA', 'Houston', true, 'Jay-Z', 17),
(18, '1977-03-02', 'Christopher Anthony John Martin', 'England', 'Exeter', false, NULL, 18),
(19, '1991-02-17', 'Edward Christopher Sheeran', 'England', 'Halifax', true, 'Cherry Seaborn', 19),
(20, '1975-12-18', 'Sia Kate Isobelle Furler', 'Australia', 'Adelaide', false, NULL, 20),
(21, '1949-09-23', 'Bruce Frederick Joseph Springsteen', 'USA', 'Long Branch', true, 'Patti Scialfa', 21),
(22, '1993-06-26', 'Ariana Grande Butera', 'USA', 'Boca Raton', false, NULL, 22),
(23, '1926-05-26', 'Miles Dewey Davis III', 'USA', 'Alton', true, 'Cicely Tyson', 23),
(24, '1954-07-13', 'Fatma Sezen Yildirim', 'Turkey', 'Denizli', false, NULL, 24),
(25, '1936-04-16', 'Saban Bajramovic', 'Serbia', 'Nis', true, 'Stamenka Bajramovic', 25),
(26, '1957-12-25', 'Stephen Percy Harris', 'England', 'Leytonstone', true, 'Lorraine Harris', 26),
(27, '1960-10-20', 'Fahreta Zivojinovic', 'Bosnia and Herzegovina', 'Tuzla', true, 'Bobo Zivojinovic', 27),
(28, '1991-09-11', 'Kyrre Gorvell Dahll', 'Norway', 'Singapore', false, NULL, 28),
(29, '1965-09-11', 'Richard Melville Hall', 'USA', 'Harlem', false, NULL, 29),
(30, '2002-01-06', 'Alex Turner', 'England', 'Sheffield', false, NULL, 30),
(31, '1990-03-17', 'Andrew John Hozier Byrne', 'Ireland', 'Bray', false, NULL, 31),
(32, '1933-02-21', 'Eunice Kathleen Waymon', 'USA', 'Tryon', false, NULL, 32),
(33, '1953-11-20', 'Halid Beslic', 'Bosnia and Herzegovina', 'Knezina', true, 'Sejda Beslic', 33),
(34, '1962-09-12', 'Edin Dervishalidovic', 'Bosnia and Herzegovina', 'Sarajevo', true, 'Amela Dervishalidovic', 34),
(35, '1972-03-23', 'Amira Medunjanin', 'Bosnia and Herzegovina', 'Sarajevo', false, NULL, 35),
(36, '1987-06-17', 'Kendrick Lamar Duckworth', 'USA', 'Compton', true, 'Whitney Alford', 36),
(37, '2001-12-18', 'Billie Eilish Pirate Baird OConnell', 'USA', 'Los Angeles', false, NULL, 37),
(38, '1974-01-03', 'Thomas Bangalter', 'France', 'Paris', true, 'Elodie Bouchez', 38),
(39, '1996-10-07', 'Lewis Capaldi', 'Scotland', 'Bathgate', false, NULL, 39),
(40, '1995-07-04', 'Austin Richard Post', 'USA', 'Syracuse', false, NULL, 40),
(41, '1980-01-13', 'Artur Rojek', 'Poland', 'Warsaw', false, NULL, null),
(42, '1990-02-01', 'Peter Fox', 'Germany', 'Berlin', false, NULL, null);

INSERT INTO song (id, name, duration, explicit, artist_id) VALUES 
(1, 'Lose Yourself', '5 minutes 26 seconds', true, 1),
(2, 'New Rules', '3 minutes 31 seconds', false, 2),
(3, 'Jedina', '4 minutes 4 seconds', false, 3),
(4, 'Umbrella', '4 minutes 35 seconds', false, 4),
(5, 'Love Story', '3 minutes 55 seconds', false, 5),
(6, 'Titanium', '4 minutes 5 seconds', false, 6),
(7, 'Hips Dont Lie', '3 minutes 38 seconds', false, 7),
(8, 'Gods Plan', '3 minutes 19 seconds', true, 8),
(9, 'Italiana', '4 minutes 13 seconds', false, 9),
(10, 'Ti si mi u krvi', '5 minutes 46 seconds', false, 10),
(11, 'Hello', '4 minutes 55 seconds', false, 11),
(12, 'Blinding Lights', '3 minutes 22 seconds', false, 12),
(13, 'Kalashnikov', '4 minutes 22 seconds', false, 13),
(14, 'Trepni', '4 minutes 6 seconds', false, 14),
(15, 'Insomnia', '4 minutes 28 seconds', true, 15),
(16, 'Dva Galeba Bela', '4 minutes 15 seconds', false, 16),
(17, 'Halo', '3 minutes 45 seconds', false, 17),
(18, 'Paradise', '4 minutes 38 seconds', false, 18),
(19, 'Shape of You', '3 minutes 54 seconds', false, 19),
(20, 'Chandelier', '3 minutes 36 seconds', false, 20),
(21, 'Born to Run', '4 minutes 31 seconds', false, 21),
(22, '7 Rings', '2 minutes 58 seconds', true, 22),
(23, 'So What', '9 minutes 22 seconds', false, 23),
(24, 'Tukenecegiz', '5 minutes 2 seconds', false, 24),
(25, 'Djelem Djelem', '3 minutes 45 seconds', false, 25),
(26, 'Fear of the Dark', '7 minutes 18 seconds', false, 26),
(27, 'Jugoslovenka', '4 minutes 47 seconds', false, 27),
(28, 'Firestone', '4 minutes 33 seconds', false, 28),
(29, 'Porcelain', '4 minutes 1 second', false, 29),
(30, 'Do I Wanna Know', '4 minutes 32 seconds', false, 30),
(31, 'Take Me to Church', '4 minutes 1 second', false, 31),
(32, 'Feeling Good', '2 minutes 53 seconds', false, 32),
(33, 'Miljacka', '3 minutes 50 seconds', false, 33),
(34, 'Sve je laz', '4 minutes 11 seconds', false, 34),
(35, 'Moj Dilbere', '3 minutes 15 seconds', false, 35),
(36, 'HUMBLE.', '2 minutes 57 seconds', true, 36),
(37, 'Bad Guy', '3 minutes 14 seconds', true, 37),
(38, 'One More Time', '5 minutes 20 seconds', false, 38),
(39, 'Someone You Loved', '3 minutes 2 seconds', false, 39),
(40, 'Circles', '3 minutes 35 seconds', false, 40),
(41, 'Vechernyaya Moskva', '4 minutes 12 seconds', false, null),
(42, 'Katyusha', '3 minutes 5 seconds', false, null),
(43, 'Podmoskovnye Vechera', '4 minutes 30 seconds', false, null),
(44, 'Kalinka', '2 minutes 56 seconds', false, null),
(45, 'Dorogoy Dlinnoyu', '4 minutes 21 seconds', false, null);

INSERT INTO song_lyrics (id, lyrics, song_id) VALUES 
(1, 'Look, if you had one shot, or one opportunity...', 1),
(2, 'Talking in my sleep at night, making myself crazy...', 2),
(3, 'Ti si meni jedina u dusi...', 3),
(4, 'Now that its raining more than ever, know that well still have each other...', 4),
(5, 'We were both young when I first saw you...', 5),
(6, 'You shout it out, But I cant hear a word you say...', 6),
(7, 'Ladies up in here tonight, No fighting, we got the refugees up in here...', 7),
(8, 'I been moving calm, dont start no trouble with me...', 8),
(9, 'Sama sam da nemam nikog, sve bih dala da si tu...', 9),
(10, 'Ti si mi u krvi, zivim da te volim...', 10),
(11, 'Hello, its me, I was wondering...', 11),
(12, 'Ive been tryna call, Ive been on my own for long enough...', 12),
(13, 'Moj je zivot Svicarska: Djosla bih no da nema, nesretna ljubav sto u Sarajevu...', 13),
(14, 'Baby, bice sve u redu, prolazna je ovo tuga...', 14),
(15, 'Lazu te, lazu te, o lazu te...', 15),
(16, 'Dva galeba bela, nocas slecu na Balkan...', 16),
(17, 'Remember those walls I built, Well, baby theyre tumbling down...', 17),
(18, 'When she was just a girl, She expected the world...', 18),
(19, 'The club isnt the best place to find a lover so the bar is where I go...', 19),
(20, 'Party girls dont get hurt, Cant feel anything, when will I learn...', 20),
(21, 'In the day we sweat it out on the streets of a runaway American dream...', 21),
(22, 'Yeah, breakfast at Tiffanys and bottles of bubbles...', 22),
(23, 'I go out walking, after midnight, out in the moonlight...', 23),
(24, 'Seni yazdim kalbime kara kalemle yarim...', 24),
(25, 'O Gurbet, moj dilbere...', 25),
(26, 'I am a man who walks alone, and when Im walking a dark road...', 26),
(27, 'Hej, Jugosloveni, zajedno smo jaci...', 27),
(28, 'Im a flame, youre a fire, Im the dark in need of light...', 28),
(29, 'In my dreams Im dying all the time...', 29),
(30, 'Have you got colour in your cheeks?...', 30),
(31, 'My lovers got humor, she is the giggle at a funeral...', 31),
(32, 'Birds flying high, you know how I feel...', 32),
(33, 'Kad prodjem bascom, zastane tisina...', 33),
(34, 'Dabogda umro da te ja ne vidim, dabogda umro...', 34),
(35, 'Moj dilbere, kud se seces...', 35),
(36, 'Nobody pray for me, It been that day for me...', 36),
(37, 'White shirt now red, my bloody nose...', 37),
(38, 'One more time, were gonna celebrate...', 38),
(39, 'Im going under, and this time I fear theres no one to save me...', 39),
(40, 'Seasons change and our love went cold...', 40),
(48, 'Despacito, quiero respirar tu cuello despacito...', NULL),
(49, 'Besame, besame mucho, como si fuera esta noche la ultima vez...', NULL),
(50, 'La vida es un carnaval y las penas se van cantando...', NULL),
(51, 'Eres tu, como una mañana de verano...', NULL),
(52, 'Vivir mi vida, la la la la...', NULL),
(53, 'La camisa negra, porque negra tengo el alma...', NULL),
(54, 'Bailando, bailando, amigos adios, adios el silencio loco...', NULL),
(55, 'La bamba, para bailar la bamba se necesita una poca de gracia...', NULL),
(56, 'Volvere, volvere a tus brazos otra vez...', NULL),
(57, 'Amor eterno e inolvidable...', NULL);

INSERT INTO playlist (id, title) VALUES 
(1, 'Workout Hits'),
(2, 'Soft Pop Hits'),
(3, 'Balkan Ballads'),
(4, 'Top Hits 2020'),
(5, 'Dance Floor Hits'),
(6, 'Classic Rock Favorites'),
(7, 'Ultimate Pop Playlist'),
(8, 'Jazz and Blues'),
(9, 'Balkan Beats'),
(10, 'Chill Vibes'),
(11, 'Listen on the road');

INSERT INTO playlists_songs (playlist_id, song_id) VALUES 
(1, 1),
(1, 6),
(1, 8),
(2, 2),
(2, 5),
(2, 11),
(3, 3),
(3, 9),
(3, 10),
(3, 14),
(4, 12),
(4, 18),
(4, 20),
(5, 7),
(5, 17),
(5, 19),
(6, 21),
(6, 26),
(7, 22),
(7, 31),
(7, 37),
(8, 23),
(8, 32),
(9, 24),
(9, 25),
(9, 33),
(9, 34),
(10, 28),
(10, 29),
(10, 35),
(10, 38);

INSERT INTO genre (id, name) VALUES 
(1, 'Hip Hop'),
(2, 'Pop'),
(3, 'Rock'),
(4, 'Dance'),
(5, 'R&B'),
(6, 'Classical'),
(7, 'Folk'),
(8, 'Electronic'),
(9, 'Reggaeton'),
(10, 'Jazz'),
(11, 'Blues'),
(12, 'Country'),
(13, 'Soul'),
(14, 'Heavy Metal'),
(15, 'Electro Pop'),
(16, 'Alternative Rock'),
(17, 'Indie'),
(18, 'Gospel'),
(19, 'Black Metal'),
(20, 'Polka');

INSERT INTO songs_genres (song_id, genre_id) VALUES 
(1, 1),
(2, 2),
(3, 7),
(4, 2),
(4, 5),
(5, 2),
(6, 4),
(7, 2),
(7, 5),
(8, 1),
(8, 2),
(9, 7),
(10, 7),
(11, 2),
(12, 2),
(13, 3),
(14, 7),
(15, 2),
(16, 7),
(17, 5),
(18, 3),
(19, 2),
(20, 2),
(6, 8),
(1, 3),
(5, 3),
(10, 3),
(21, 11),
(22, 12),
(23, 11),
(24, 14),
(25, 14),
(26, 16),
(27, 14),
(28, 17),
(29, 17),
(30, 18),
(31, 18),
(32, 13),
(33, 14),
(34, 14),
(35, 14),
(36, 13),
(37, 12),
(38, 17),
(39, 12),
(40, 12),
(21, 6),
(26, 6),
(31, 9),
(22, 2),
(37, 4),
(39, 2);

INSERT INTO album (id, name, rating, artist_id) VALUES 
(1, 'The Eminem Show', 4.5, 1),
(2, 'Future Nostalgia', 4.7, 2),
(3, 'The Hardest Way', 4.8, 3),
(4, 'Good Girl Gone Bad', 4.6, 4),
(5, 'Folklore', 4.9, 5),
(6, 'Nothing but the Beat', 4.3, 6),
(7, 'Oral Fixation', 4.2, 7),
(8, 'Scorpion', 4.8, 8),
(9, 'Halo', 3.9, 9),
(10, 'Ti si mi u krvi', 4.7, 10),
(11, '25', 4.8, 11),
(12, 'After Hours', 4.9, 12),
(13, 'Silent Wedding', 4.1, 13),
(14, 'Autogram', 4.0, 14),
(15, 'Diva', 3.7, 15),
(16, 'Dva galeba bela', 4.5, 16),
(17, 'Lemonade', 4.9, 17),
(18, 'A Head Full of Dreams', 4.4, 18),
(19, 'Divide', 4.8, 19),
(20, 'This Is Acting', 4.5, 20),
(21, 'Born in the U.S.A.', 4.8, 21),
(22, 'Thank U, Next', 4.7, 22),
(23, 'Kind of Blue', 4.9, 23),
(24, 'Gulumse', 4.5, 24),
(25, 'A Gypsy Legend', 4.6, 25),
(26, 'Fear of the Dark', 4.7, 26),
(27, 'Mile voli disko', 4.3, 27),
(28, 'Cloud Nine', 4.4, 28),
(29, 'Play', 4.5, 29),
(30, 'AM', 4.6, 30),
(31, 'Hozier', 4.7, 31),
(32, 'I Put a Spell on You', 4.8, 32),
(33, 'Romanija', 4.1, 33),
(34, 'Sredinom', 4.5, 34),
(35, 'Amulette', 4.2, 35),
(36, 'DAMN.', 4.9, 36),
(37, 'When We All Fall Asleep, Where Do We Go?', 4.8, 37),
(38, 'Discovery', 4.7, 38),
(39, 'Divinely Uninspired to a Hellish Extent', 4.3, 39),
(40, 'Hollywoods Bleeding', 4.5, 40),
(43, 'Fados do Fado', 4.2, null),
(44, 'O Melhor de Amalia Rodrigues', 4.7, null),
(45, 'Fado em Mim', 4.5, null),
(46, 'Desfado', 4.3, null),
(47, 'Canta Fado', 4.0, null),
(48, 'Senhora da Noite', 4.6, null),
(49, 'Fado Tradicional', 4.4, null),
(50, 'Pelo Dia Dentro', 4.1, null),
(51, 'Rumo ao Sul', 4.3, null),
(52, 'Mulher do Norte', 4.2, null);